{"logo_A": {"x": 124.6, "y": 0}, "logo_p": {"x": 522.4, "y": 0}, "logo_B": {"x": 1000.2, "y": -12}, "chrono": {"x": 501.79999999999995, "y": 139.33333333333331}, "score_A": {"x": 315.5, "y": 354.9333333333333}, "score_B": {"x": 731.0, "y": 354.9333333333333}, "add_10_A": {"x": 30.599999999999994, "y": 504.33333333333337}, "add_20_A": {"x": 157.8, "y": 504.33333333333337}, "add_10_B": {"x": 1081.6, "y": 504.33333333333337}, "add_20_B": {"x": 1207.6, "y": 504.33333333333337}, "add_m10_A": {"x": 34.599999999999994, "y": 558.3333333333334}, "add_m20_A": {"x": 157.8, "y": 558.3333333333334}, "add_m10_B": {"x": 1081.6, "y": 558.3333333333334}, "add_m20_B": {"x": 1207.6, "y": 558.3333333333334}, "fin_match": {"x": 1155.4, "y": 650.5999999999999}, "quit_match": {"x": 32.64, "y": 656.5999999999999}, "noms_A": {"x": 7.959999999999994, "y": 339.8666666666667}, "noms_B": {"x": 1089.584, "y": 343.8666666666667}, "countdown": {"x": 457.79999999999995, "y": 642.9333333333333}}