{"logo_A": {"x": 0.5999999999999943, "y": 20}, "logo_p": {"x": 646.4, "y": 4}, "logo_B": {"x": 1140.2, "y": 24}, "chrono": {"x": 621.8, "y": 139.33333333333331}, "score_A": {"x": 387.5, "y": 354.9333333333333}, "score_B": {"x": 795.0, "y": 354.9333333333333}, "add_10_A": {"x": 30.599999999999994, "y": 504.33333333333337}, "add_20_A": {"x": 157.8, "y": 504.33333333333337}, "add_10_B": {"x": 1213.6, "y": 504.33333333333337}, "add_20_B": {"x": 1339.6, "y": 504.33333333333337}, "add_m10_A": {"x": 34.599999999999994, "y": 558.3333333333334}, "add_m20_A": {"x": 157.8, "y": 558.3333333333334}, "add_m10_B": {"x": 1213.6, "y": 558.3333333333334}, "add_m20_B": {"x": 1339.6, "y": 558.3333333333334}, "fin_match": {"x": 1255.4, "y": 674.5999999999999}, "quit_match": {"x": 56.64, "y": 696.5999999999999}, "noms_A": {"x": 15.959999999999994, "y": 267.8666666666667}, "noms_B": {"x": 1185.584, "y": 267.8666666666667}, "countdown": {"x": 517.8, "y": 658.9333333333333}}